Position,Company,Location,URL
라인프렌즈 2022년 각 부문 수시의 전체 세부 정보,라인프렌즈,서울 용산구,https://kr.indeed.com/rc/clk?jk=1015284880e2ff62&fccid=b6f22bcb6078a2c4&vjs=3
[TmaxGroup/OS] OS 연구원의 전체 세부 정보,티맥스소프트,성남 분당구,https://kr.indeed.com/rc/clk?jk=a233a732dd447085&fccid=445576e2a7ced0d6&vjs=3
[선행기술원] AI 모델 데이터 최적화 기술[책임연구원]의 전체 세부 정보,현대자동차그룹,성남 판교역,https://kr.indeed.com/rc/clk?jk=88f6c889d813f95e&fccid=980d6ecc399a3373&vjs=3
기술 문서 작성 전문가의 전체 세부 정보,딥엑스,성남 분당구,https://kr.indeed.com/rc/clk?jk=44f52ea73a6d25da&fccid=e34932b8232a173b&vjs=3
프론트엔드(신입) 개발자 /충주의 전체 세부 정보,서울소프트,충청북도 충주,https://kr.indeed.com/rc/clk?jk=91675c17d1d0dbd8&fccid=97afd8ba47455ffe&vjs=3
[일 7시간] PHP 웹 백엔드 개발자의 전체 세부 정보,위마크,성남 분당구,https://kr.indeed.com/rc/clk?jk=486545db83b2e5d2&fccid=04384b0a434f847b&vjs=3
데이터 분석 전문가의 전체 세부 정보,에스케이텔레콤,서울 중구,https://kr.indeed.com/rc/clk?jk=177e0e206497cc18&fccid=ce2f0f28b40a5be8&vjs=3
Technical Consultant의 전체 세부 정보,Veeva Systems,경기도,https://kr.indeed.com/rc/clk?jk=d1dd8d47fe59b61c&fccid=353eb997fc901045&vjs=3
컴파일러 엔지니어(딥엑스)의 전체 세부 정보,딥엑스,성남 분당구,https://kr.indeed.com/rc/clk?jk=1b43aff116704c72&fccid=e34932b8232a173b&vjs=3
Kafka 담당자 영입의 전체 세부 정보,카카오페이,성남 분당구,https://kr.indeed.com/rc/clk?jk=97e9de2381da633d&fccid=c3aa6121be03065c&vjs=3
[R&D] 딥러닝 엔지니어의 전체 세부 정보,한국카카오은행,성남 분당구,https://kr.indeed.com/rc/clk?jk=09986d2a7ec2e979&fccid=aea6a13a3459fdb2&vjs=3
2022 2H New LINER_Entry Level NEW의 전체 세부 정보,LINE Plus corporation,대한민국,https://kr.indeed.com/rc/clk?jk=2289a8c9cd258ce3&fccid=e90e80bc9ed9a53f&vjs=3
영상처리, 컴퓨터 비전 전문가 (신입/경력)의 전체 세부 정보,에바,성남 수정구,https://kr.indeed.com/rc/clk?jk=2642a83874ea6bab&fccid=5cc87f5890bd7170&vjs=3
전산전문인력(~7/24)의 전체 세부 정보,브이아이피자산운용,대한민국,https://kr.indeed.com/rc/clk?jk=762f4670e39d3075&fccid=b56486e332998764&vjs=3
페이코 빅데이터 엔지니어링의 전체 세부 정보,NHN PAYCO,성남 판교역,https://kr.indeed.com/rc/clk?jk=804b9353ac2b5dfe&fccid=a72ebaf825acf7af&vjs=3
